"V4000","Main 1","",""
"V4001","Main 2","",""
"V4002","Main 3","",""
"V4003","Main 4","",""
"V4004","Main 5","",""
"V4005","Main 6","",""
"V4006","Main 7","",""
"V4007","Main 8","",""
"V4010","Main 9","",""
"V4011","Main 10","",""
"V4012","Main 11","",""
"V4013","Main 12","",""
"V4014","Main 13","",""
"V4015","Main 14","",""
"V4016","Main 15","",""
"V4017","Main 16","",""
"V4020","Main 17","",""
"V4021","Main 18","",""
"V4022","Main 19","",""
"V4023","Main 20","",""
"V4024","Main 21","",""
"V4025","Main 22","",""
"V4026","Main 23","",""
"V4027","Main 24","",""
